titles,genre,developers,publishers
007: Agent Under Fire,First-person shooter,Savage Entertainment,EA Games
007: Everything or Nothing,"Third-person Action-Adventure,Stealth",Visceral Games,EA Games
007: From Russia with Love,"Third-person Action-Adventure,Stealth",Visceral Games,EA Games
007: Nightfire,First-person shooter,Eurocom,EA Games
187 Ride or Die,Vehicular combat,Ubisoft,Ubisoft
2002 FIFA World Cup,Sports,EA Sports,EA Sports
2006 FIFA World Cup,Sports,EA Sports,EA Sports
25 To Life,Third-person shooter,"Avalanche Software, Ritual Entertainment",Eidos
4x4 EVO 2,Racing,Terminal Reality,Gathering of Developers
50 Cent: Bulletproof,Third-person shooter,Genuine Games,Vivendi Universal Games
Advent Rising,Third-person shooter,GlyphX Games,Majesco Entertainment
Æon Flux,Action-Adventure,Terminal Reality,Majesco Entertainment
AFL Live 2003,Sports,IR Gurus,Acclaim Sports
AFL Live 2004,Sports,IR Gurus,Acclaim Entertainment
AFL Live Premiership Edition,Sports,IR Gurus,Acclaim Entertainment
AFL Premiership 2005,Sports,IR Gurus,THQ
Aggressive Inline,Sports,Z-Axis,AKA Acclaim
Airforce Delta Storm  Deadly Skies (PAL)  Airforce Delta II (JP),Flight Simulator,Konami,Konami
Alias,Action-Adventure,Acclaim Studios Cheltenham,Acclaim Entertainment
Alien Hominid,Run and gun,The Behemoth,O~3 Entertainment
Aliens Versus Predator: Extinction,Real-time strategy,Zono,EA Games
Alfa Romeo Racing Italiano  SCAR : Squadra Corse Alfa Romeo (PAL),Racing,Milestone srl,Black Bean Games
All-Star Baseball 2003,Sports,Acclaim Studios Austin,Acclaim Sports
All-Star Baseball 2004,Sports,Acclaim Studios Austin,Acclaim Sports
All-Star Baseball 2005,Sports,Acclaim Studios Austin,Acclaim Entertainment
Alter Echo,Action-Adventure,Outrage Entertainment,THQ
America's Army: Rise of a Soldier,Tactical shooter,Secret Level,Ubisoft
American Chopper,Sports,Creat Studios,Activision
American Chopper 2: Full Throttle,Sports,Creat Studios,Activision
AMF Bowling 2004,Sports,Mud Duck Productions,Bethesda Softworks
AMF Xtreme Bowling 2006,Sports,Mud Duck Productions,Bethesda Softworks
Amped: Freestyle Snowboarding,Sports,Indie Built,Xbox Game Studios
Amped 2  Tenku 2 (JP),Sports,Indie Built,Xbox Game Studios
AND 1 Streetball,Sports,Black Ops Entertainment,Ubisoft
Angelic Concert (JP),Visual novel,Success,
Animaniacs: The Great Edgar Hunt,Platformer,Warthog Games,Ignition Entertainment
Antz Extreme Racing,Racing,LSP,Empire Interactive
Aoi Namida (JP),Visual Novel,Artlim Media,Panther Software
APEX  Racing Evoluzione (PAL),Racing,Milestone,Infogrames
Aquaman: Battle for Atlantis,Action-Adventure,TDK,TDK
Arctic Thunder,Racing,Midway Games,Midway Games
Area 51,"First-person shooter,Survival Horror",Midway Studios Austin,Midway
Arena Football,Sports,EA Tiburon,EA Games
Armed and Dangerous,"Third-person shooter,Third-person Action-Adventure",Planet Moon Studios,LucasArts
Army Men: Major Malfunction,Third-person shooter,Global Star Software,3DO
Army Men: Sarge's War,Third-person shooter,Global Star Software,3DO
Arx Fatalis,First-person Role-playing,Arkane Studios,JoWood Productions
Atari Anthology,Arcade Compilations,Digital Eclipse,Atari
ATV Quad Power Racing 2,Racing,Climax Studios,AKA Acclaim
Auto Modellista,Racing,Capcom Production Studio 1,Capcom
Avatar: The Last Airbender,Action-Adventure,TOSE,THQ
Azurik: Rise of Perathia,Action-Adventure,Adrenium Games,Xbox Game Studios
Backyard Wrestling: Don't Try This at Home,Sports,Paradox Development,Eidos Interactive
Backyard Wrestling 2: There Goes the Neighborhood,Sports,Paradox Development,Eidos Interactive
Bad Boys: Miami Takedown  Bad Boys II  (PAL),Third-person shooter,Blitz Games,Empire Interactive
Baldur's Gate: Dark Alliance,"Action RPG,Hack and slash",Snowblind Studios,Interplay Entertainment
Baldur's Gate: Dark Alliance II,"Action RPG,Hack and slash",Black Isle Studios,Interplay Entertainment
Barbarian,Fighting,Saffire,Titus Interactive
Barbie Horse Adventures: Wild Horse Rescue,"Adventure,Racing",Blitz Games,Vivendi Universal Games
The Bard's Tale,Action RPG,InXile Entertainment,Vivendi Universal Games
The Baseball 2002: Battle Ball Park Sengen,Sports,Konami,Konami
Bass Pro Shops: Trophy Bass 2007,Fishing simulator,Big John Games,Vivendi Universal Games
Bass Pro Shops Trophy Hunter 2007,Hunting,Jarhead Games,Vivendi Universal Games
Batman Begins,"Action-Adventure,Stealth",Eurocom,EA Games
Batman: Dark Tomorrow,Action-Adventure,HotGen,Kemco
Batman: Rise of Sin Tzu,"Action-Adventure,Beat 'em up",Ubisoft Montreal,Ubisoft
Batman Vengeance,Action-Adventure,Ubisoft Montreal,Ubisoft
Battle Engine Aquila,Mecha simulator,Lost Toys,Infogrames
Battlefield 2: Modern Combat,First-person shooter,Digital Illusions CE,Electronic Arts
Battlestar Galactica,Space flight Simulator,Warthog Games,Vivendi Universal Games
Beat Down: Fists of Vengeance,"Action RPG,Beat 'em up",Cavia,Capcom
Beyond Good & Evil,Third-person Action-Adventure,Ubisoft Milan,Ubisoft
The Bible Game,Party game,Crave Entertainment,Crave Entertainment
Bicycle Casino,Gambling,Leaping Lizard,Activision Value
Big Bumpin',Party game,Blitz Games,King Games
Big Mutha Truckers,Racing,Eutechnyx,THQ
Big Mutha Truckers 2,Racing,Empire Interactive,THQ
Bionicle,Action-Adventure,Argonaut Games,Electronic ArtsLego Interactive
Bistro Cupid (JP),"Cooking Sim, RPG, Dating Sim",Success,Success
Bistro Cupid 2,"Cooking Sim, RPG, Dating Sim",Success,Success
Black,First-person shooter,Criterion Games,EA Games
Black Stone: Magic & Steel  Ex-Chaser (JP),RPG,XPEC Entertainment,Xicat Interactive
Blade II,"Action,Beat 'em up",Mucky Foot Productions,Activision
Blazing Angels: Squadrons of WWII,Flight Simulator,Ubisoft Bucharest,Ubisoft
Blinx: The Time Sweeper,"Action,Platformer",Artoon,Xbox Game Studios
Blinx 2: Masters of Time and Space  Blinx 2: Battle of Time and Space (JP),"Action,Platformer",Artoon,Xbox Game Studios
Blitz: The League,Sports,Midway Games,Midway Games
Blood Omen 2,Third-person Action-Adventure,Crystal Dynamics,Eidos Interactive
Blood Wake,Vehicular combat,Stormfront Studios,Xbox Game Studios
BloodRayne,"Action,Hack and slash",Terminal Reality,Majesco Entertainment
BloodRayne 2,"Action,Hack and slash",Terminal Reality,Majesco Entertainment
Bloody Roar Extreme,Fighting,Hudson Soft,Konami
BlowOut,Run and gun,Terminal Reality,Majesco Entertainment
BMX XXX,Sports,Z-Axis,AKA Acclaim
Braveknight,"Dating Sim, Visual novel",Panther Software,Panther Software
Break Nine: World Billiards Tournament,Billiard sports,ASK,ASK
Breakdown,"First-person shooter,Action-Adventure",Namco,Namco
Breeders' Cup World Thoroughbred Championships,Racing (Horses),ZeniMax Media,Bethesda
Brian Lara International Cricket 2005,Sports,Codemasters,Codemasters
Broken Sword: The Sleeping Dragon,Point and Click,Revolution Software,The Adventure Company
Brothers in Arms: Earned in Blood,First-person shooter,Gearbox Software,Ubisoft
Brothers in Arms: Road to Hill 30,First-person shooter,Gearbox Software,Ubisoft
Bruce Lee: Quest of the Dragon,Beat 'em up,Ronin Entertainment,Vivendi Universal Games
Brute Force,"Third-person shooter,Tactical shooter",Digital Anvil,Xbox Game Studios
Buffy the Vampire Slayer,"Third-person Action-Adventure,Beat 'em up",The Collective,Electronic Arts
Buffy the Vampire Slayer: Chaos Bleeds,"Third-person Action-Adventure,Beat 'em up",Eurocom,Vivendi Universal Games
Burnout,Racing,Criterion Games,Acclaim Entertainment
Burnout 2: Point of Impact,Racing,Criterion Games,Acclaim Entertainment
Burnout 3: Takedown,Racing,Criterion Games,EA Games
Burnout Revenge,Racing,Criterion Games,Electronic Arts
C.A.T.: Cyber Attack Team,Visual novel,Hide,Hide
Cabela's Big Game Hunter 2005 Adventures,Hunting,Fun Labs/Sand Grain Studios,Activision
Cabela's Dangerous Hunts,Hunting,Fun Labs,Activision
Cabela's Dangerous Hunts 2,Hunting,Sand Grain Studios,Activision
Cabela's Deer Hunt: 2004 Season,Hunting,Sand Grain Studios,Activision
Cabela's Deer Hunt: 2005 Season,Hunting,Fun Labs,Activision
Cabela's Outdoor Adventures,Hunting,Sand Grain Studios,Activision
Call of Cthulhu: Dark Corners of the Earth,"First-person shooter,Survival Horror",Headfirst Productions,Bethesda Softworks/2K Games
Call of Duty: Finest Hour,First-person shooter,Spark Unlimited,Activision
Call of Duty 2: Big Red One,First-person shooter,Treyarch,Activision
Call of Duty 3,First-person shooter,"Treyarch, Pi Studios",Activision
Capcom Classics Collection Vol. 1,Arcade Compilations,Backbone Entertainment,Capcom
Capcom Classics Collection Vol. 2,Arcade Compilations,Backbone Entertainment,Capcom
Capcom Fighting Evolution  Capcom Fighting Jam (PAL) (JP),Fighting,Capcom Production Studio 2,Capcom
Capcom vs. SNK 2 EO,Fighting,Capcom Production Studio 1,Capcom
Carmen Sandiego: The Secret of the Stolen Drums,"Third-person Action-Adventure,Platformer",A2M,BAM! Entertainment
Cars,Racing,Rainbow Studios,THQ
Carve,Racing,Argonaut Games,Global Star Software
Castlevania: Curse of Darkness  Akumajo Dracula: Yami no Juin (JP),"Third-person Action-Adventure,Hack and slash",Konami,Konami
Catwoman,Third-person Action-Adventure,Argonaut Games,EA Games
Cel Damage,Vehicular combat,Pseudo Interactive,EA Games
Celebrity Deathmatch,Fighting,Big Ape Productions,Gotham Games
Championship Bowling,Sports,Black Market Games,Evolved Games
Championship Manager: Season 01/02,Sport Management,Sports Interactive,Eidos Interactive
Championship Manager: Season 02/03,Sport Management,Sports Interactive,Eidos Interactive
Championship Manager 2006,Sport Management,Gusto Games,Eidos Interactive
Championship Manager 5,Sport Management,Gusto Games,Eidos Interactive
Charlie and the Chocolate Factory,Third-person Action-Adventure,High Voltage Software,Global Star Software
Chase: Hollywood Stunt Driver,"Racing,Action",I-Imagine,BAM! Entertainment
Chessmaster 10th Edition,Chess,Ubisoft,Ubisoft
Chicago Enforcer,First-person shooter,Touchdown,Kemco
Chicken Little,Action-Adventure,Avalanche Software,Buena Vista Games
"The Chronicles of Narnia: The Lion, the Witch and the Wardrobe",Third-person Action-Adventure,Traveller's Tales,Buena Vista Games
The Chronicles of Riddick: Escape from Butcher Bay,"Action-Adventure,Stealth","Starbreeze Studios, Tigon Studios",Vivendi Universal Games
Circus Maximus: Chariot Wars,Racing,Kodiak Interactive,Encore
Classified: The Sentinel Crisis,First-person shooter,Torus Games,Global Star Software
Close Combat: First to Fight,First-person shooter,Destineer,2K Games
Club Football,Sports,Codemasters,Codemasters
Club Football 2005,Sports,Codemasters,Codemasters
Codename: Kids Next Door - Operation: V.I.D.E.O.G.A.M.E.,"Platformer,Adventure",High Voltage Software,Global Star Software
Cold Fear,Survival Horror,Darkworks,Ubisoft
Cold War,Stealth,Mindware Studios,DreamCatcher Games
Colin McRae Rally 04,Racing,Codemasters,Codemasters
Colin McRae Rally 2005,Racing,Codemasters,Codemasters
Colin McRae Rally 3,Racing,Codemasters,Codemasters
College Hoops 2K6,Sports,Visual Concepts,2K Sports
College Hoops 2K7,Sports,Visual Concepts,2K Sports
Combat Elite: WWII Paratroopers,"Action,RPG",BattleBorne Entertainment,SouthPeak Interactive
Combat: Task Force 121,"First-person shooter,Tactical shooter",Direct Action,Groove Games
Commandos: Strike Force,First-person shooter,Pyro Studios,Eidos Interactive
Commandos 2: Men of Courage,Real-time Tactics,Pyro Studios,Eidos Interactive
Conan,"Action-Adventure,Hack and slash",Cauldron HQ,TDK Mediactive
Conflict: Desert Storm,Tactical shooter,Pivotal Games,SCi
Conflict: Desert Storm II: Back to Baghdad,Tactical shooter,Pivotal Games,SCi
Conflict: Global Terror,Tactical shooter,Pivotal Games,SCi / 2K Games
Conflict: Vietnam,Tactical shooter,Pivotal Games,Eidos Interactive
Conker: Live & Reloaded,"Third-person shooter,Platformer",Rare,Xbox Game Studios
Conspiracy: Weapons of Mass Destruction,First-person shooter,Kuju Entertainment,Oxygen Interactive
Constantine,"Action-Adventure,Third-person shooter",Bits Studios,THQ
Corvette,Racing,Steel Monkeys,TDK Mediactive
Counter-Strike,First-person shooter,Valve,Xbox Game Studios
Crash Bandicoot: The Wrath of Cortex,Platformer,Traveller's Tales,Vivendi Universal Interactive Publishing
Crash 'n' Burn,Racing,Climax,Eidos Interactive
Crash Nitro Kart,Racing,Vicarious Visions,Vivendi Universal Games
Crash Tag Team Racing,Racing,Radical Entertainment,Vivendi Universal Games
Crash Twinsanity,Platformer,Traveller's Tales,Vivendi Universal Games
Crazy Taxi 3: High Roller,"Racing,Action",Hitmaker,Sega
Cricket 2005,Sports,HB Studios,EA Games
Crime Life: Gang Wars,Action,Hothouse Creations,Konami
Crimson Sea,"Action,RPG",Koei,Koei
Crimson Skies: High Road to Revenge,"Action,Arcade Flight Combat",FASA Interactive,Xbox Game Studios
"Crouching Tiger, Hidden Dragon",Beat 'em up,Bergsala Lightweight,Ubisoft
Crusty Demons,"Racing,Motocross","Evolved Games, Climax",SouthPeak Games
CSI: Crime Scene Investigation,Adventure,369 Interactive,Ubisoft
Curious George,Platformer,Monkey Bar Games,Namco
Curse: The Eye of Isis,Survival Horror,Asylum Entertainment,DreamCatcher Interactive
The Da Vinci Code,"Adventure,Puzzle",The Collective,2K Games
Daemon Vector,Action,XPEC Entertainment,XPEC Entertainment
Dai Senryaku VII: Modern Military Tactics  Daisenryaku VII (JP),Turn-based strategy,SystemSoft,Kemco
Dakar 2: The World's Ultimate Rally,Racing,Acclaim Studios Cheltenham,Acclaim Entertainment
Dance Dance Revolution Ultramix  Dance Stage Unleashed (PAL),"Music,Rhythm",Konami,Konami
Dance Dance Revolution Ultramix 2  Dance Stage Unleashed 2 (PAL),"Music,Rhythm",Konami,Konami
Dance Dance Revolution Ultramix 3  Dance Stage Unleashed 3 (PAL),"Music,Rhythm",Konami,Konami
Dance Dance Revolution Ultramix 4,"Music,Rhythm",Konami,Konami
Dance: UK,"Music,Rhythm",Broadsword Interactive,Bigben Interactive
Dark Summit,Sports (Snowboarding),Radical Entertainment,THQ
Darkwatch,First-person shooter,High Moon Studios,Capcom
Dave Mirra Freestyle BMX 2,Sports,Z-Axis,Acclaim Max Sports
David Beckham Soccer,Sports,Rage Software Limited,Rage Software Limited
Dead Man's Hand,"Action,First-person shooter",Human Head Studios,Atari
Dead or Alive 3,Fighting,Team Ninja,Tecmo
Dead or Alive Ultimate,Fighting,Team Ninja,Tecmo
Dead or Alive Xtreme Beach Volleyball,Sports,Team Ninja,Tecmo
Dead to Rights,Third-person shooter,Namco,Namco
Dead to Rights II,Third-person shooter,Widescreen Games,Namco
Deathrow,"Sports,Action",Southend Interactive,Ubisoft
Def Jam: Fight for NY,Fighting,"AKI Corporation, EA Canada",EA Games
Defender,Shoot'em up,7 Studios,Midway Games
Delta Force: Black Hawk Down,First-person shooter,"VU Games, Climax",NovaLogic
Dennou Taisen: DroneZ,Action,Zetha GameZ,Metro 3D
Destroy All Humans!,Action-Adventure,Pandemic Studios,THQ
Destroy All Humans! 2,Action-Adventure,Pandemic Studios,THQ
Deus Ex: Invisible War,"First-person shooter,RPG",Ion Storm,Eidos Interactive
Die Hard: Vendetta,First-person shooter,Bits Studios,Vivendi Universal Games
Digimon Rumble Arena 2,Fighting,Bandai,Bandai
Digimon World 4  Dejimon Warudo X (JP),"Action,RPG",Bandai,Bandai
Dino Crisis 3,"Third-person shooter,Action-Adventure",Capcom,Capcom
Dinosaur Hunting,"Hunting,Action-Adventure",Scarab,Metro 3D
Dinotopia: The Sunstone Odyssey,Third-person Action-Adventure,Vicious Cycle,TDK Mediactive
Disney's Extreme Skate Adventure,Sports,Toys for Bob,Activision
Doom 3,First-person shooter,"id Software, Vicarious Visions",Activision
Doom 3: Resurrection of Evil,First-person shooter,id Software,Activision
Double-S.T.E.A.L. - The Second Clash,"Action,Racing",Bunkasha Publishing,Xbox Game Studios
Dr. Muto,Platformer,Midway Games,Midway Games
Dr. Seuss' The Cat in the Hat,Action,Magenta Software,Vivendi Universal Games
Dragon Ball Z: Sagas,"Action-Adventure,Beat 'em up",Avalanche Software,Atari
Dragon's Lair 3D: Return to the Lair,"Platformer,Third-person Action-Adventure",Dragonstone Software,Ubisoft
Drake of the 99 Dragons,Third-person shooter,Idol FX,Majesco Entertainment
Dreamfall: The Longest Journey,Adventure,Funcom,Aspyr Media
Drihoo (JP),Adventure,Highwaystar,Highwaystar
DRIV3R,Racing,Reflections Interactive,Atari
Driver: Parallel Lines,Racing,Reflections Interactive,Atari
The Dukes of Hazzard: Return of the General Lee,Racing,Ratbag,Ubisoft
Dungeons & Dragons: Heroes,"Hack and slash,RPG",Atari Hunt Valley,Atari
Dynasty Warriors 3  Shin Sangokumusou 2 (JP),Hack and slash,Omega Force,Koei
Dynasty Warriors 4  Shin Sangokumusou 3 (JP),Hack and slash,Omega Force,Koei
Dynasty Warriors 5  Shin Sangokumusou 4 (JP),Hack and slash,Omega Force,Koei
"Ed, Edd n Eddy: The Mis-Edventures","Adventure,Platformer",Artificial Mind and Movement,Midway Games
Egg Mania: Eggstreme Madness,Puzzle,HotGen,Kemco
The Elder Scrolls III: Morrowind,"Action,RPG",Bethesda Softworks,Bethesda Softworks
Enclave,"Action RPG,Hack and slash",Starbreeze,Conspiracy Entertainment
England International Football,Sports,Codemasters,Codemasters
Enter the Matrix,"Third-person Action-Adventure,Fighting",Shiny Entertainment,Infogrames
Eragon,"Hack and slash,Third-person Action-Adventure",Stormfront Studios,Vivendi Games
ESPN College Hoops,Sports,Visual Concepts,Sega
ESPN College Hoops 2K5,Sports,Visual Concepts,Sega
ESPN International Winter Sports 2002,Sports,Konami,Konami
ESPN Major League Baseball,Sports,Blue Shift,Sega
ESPN MLS ExtraTime 2002,Sports,KCEA,Konami
ESPN NBA 2K5,Sports,Visual Concepts,Sega
ESPN NBA 2Night 2002,Sports,Konami,Konami
ESPN NBA Basketball,Sports,Visual Concepts,Sega
ESPN NFL 2K5,Sports,Visual Concepts,Sega
ESPN NFL Football,Sports,Visual Concepts,Sega
ESPN NFL PrimeTime 2002,Sports,Farsight Technologies,Konami
ESPN NHL 2K5,Sports,Kush Games,Sega
ESPN NHL Hockey,Sports,Kush Games,Sega
ESPN Winter X-Games Snowboarding 2002,Sports,Konami,Konami
Evil Dead: A Fistful of Boomstick,Hack and slash,VIS Entertainment,THQ
Evil Dead: Regeneration,Hack and slash,Cranky Pants Games,THQ
ExaSkeleton,"Action,Mecha Combat",Kiki Co.,Kiki Co.
F1 2001,Racing,EA Sports,EA Sports
F1 2002,Racing,EA Sports,EA Sports
F1 Career Challenge,Racing,EA Sports,EA Sports
Fable,"Action,RPG",Lionhead Studios,Xbox Game Studios
Fable: The Lost Chapters,"Action,RPG",Lionhead Studios,Xbox Game Studios
The Fairly OddParents: Breakin' Da Rules,"Platformer,Action",THQ,THQ
Fallout: Brotherhood of Steel,"Action,RPG",Interplay Entertainment,Interplay Entertainment
Family Guy Video Game!,Action-Adventure,High Voltage Software,2K Games
Fantastic 4,"Action-Adventure,Beat 'em up",7 Studios,Activision
Far Cry Instincts,First-person shooter,Ubisoft Montreal,Ubisoft
Far Cry Instincts: Evolution,First-person shooter,Ubisoft Montreal,Ubisoft
Fatal Frame  Project Zero (PAL),Survival Horror,Tecmo,TecmoXbox Game Studios
Fatal Frame II: Crimson Butterfly  Project Zero II: Crimson Butterfly (PAL),Survival Horror,Tecmo,Tecmo
FIFA 06 Soccer,Sports,EA Canada,EA Sports
FIFA 07,Sports,EA Canada,EA Sports
FIFA Football 2003,Sports,EA Canada,EA Sports
FIFA Football 2004,Sports,EA Canada,EA Sports
FIFA 2005,Sports,EA Canada,EA Sports
FIFA Street,Sports,EA Canada,EA Sports BIG
FIFA Street 2,Sports,EA Canada,EA Sports BIG
FIFA World Cup: Germany 2006,Sports,EA Canada,EA Sports
Fight Club,Fighting,Genuine Games,Vivendi Universal Games
Fight Night 2004,Fighting,EA Sports,EA Sports
Fight Night Round 2,Fighting,EA Sports,EA Sports
Fight Night: Round 3,Fighting,EA Chicago,EA Sports
FILA World Tour Tennis,Sports,Hokus Pokus,THQ
Final Fight: Streetwise,"Action-Adventure,Beat 'em up",Secret Level,Capcom
Finding Nemo,Action-Adventure,Traveller's Tales,THQ
Fire Blade,Helicopter Simulation,Kuju Entertainment,Midway Games
FlatOut,Racing,Bugbear Entertainment,Empire Interactive
FlatOut 2,Racing,Bugbear Entertainment,Empire Interactive
Flight Academy,Simulation,Aquasystem,Aquasystem
Ford Bold Moves Street Racing  Ford Street Racing  (PAL),Racing,Razorworks,"Eidos Interactive, Empire Interactive"
Ford Mustang: The Legend Lives,Racing,Eutechnyx,2K Games
Ford Racing 2,Racing,Razorworks,Take-Two Interactive
Ford Racing 3,Racing,Razorworks,2K Games
Ford vs. Chevy,Racing,2K Games,Global Star Software
Forgotten Realms: Demon Stone,"Action RPG,Hack and slash","Stormfront Studios, Zono",Atari
Forza Motorsport,Racing,Xbox Game Studios,Xbox Game Studios
Freaky Flyers,Racing,Midway Games,Midway Games
Freedom Fighters,Third-person shooter,IO Interactive,EA Games
Freestyle MetalX,Sports,Midway Games,Midway Games
Freestyle Street Soccer,Sports,Silicon Dreams Studio,Acclaim Entertainment
Frogger Beyond,Platformer,Konami,Konami
Frogger: Ancient Shadow,Platformer,Hudson Soft,Konami
Full Spectrum Warrior,Real-Time Tactics,Pandemic Studios,THQ
Full Spectrum Warrior: Ten Hammers,Real-Time Tactics,Pandemic Studios,THQ
Furious Karting,Racing,Babylon Software,Infogrames
Futurama,"Platformer,Action",Unique Development Studios,SCi GamesVivendi Universal Games
Future Tactics: The Uprising,Tactical Shooter,Zed Two,JoWooD ProductionsCrave Entertainment
Fuzion Frenzy,Party game,Blitz Games,Xbox Game Studios
Galaxy Angel,"Real-time strategy, Visual novel",Broccoli,
Galleon,"Action-Adventure,Platformer",Confounding Factor,SCi
Gauntlet: Dark Legacy,Hack and slash,Midway Games,Midway Games
Gauntlet: Seven Sorrows,Hack and slash,Midway Games,Midway Games
Gene Troopers,First-person shooter,Cauldron,"Akella, Playlogic Entertainment, PlayLogic International"
Genma Onimusha,"Third-person Action-Adventure,Hack and slash",Capcom,Capcom
Ghost Master: The Gravenville Chronicles,"Puzzle,Strategy",Empire Interactive,Empire Interactive
Gladiator: Sword of Vengeance,Hack and slash,Acclaim Studios Manchester,Acclaim Entertainment
Gladius,Tactical RPG,LucasArts,LucasArts
Goblin Commander: Unleash the Horde,"Action,Real-time strategy",Jaleco Entertainment,Jaleco Entertainment
The Godfather: The Game,Action-Adventure,Electronic Arts,Electronic Arts
Godzilla: Destroy All Monsters Melee,Fighting,Pipeworks Software,Infogrames
Godzilla: Save the Earth,Fighting,Pipeworks Software,Atari
GoldenEye: Rogue Agent,First-person shooter,EA Los Angeles,EA Games
Gotcha!,First-person shooter,Sixteen Tons Entertainment,Global Star Software
Grabbed by the Ghoulies,"Action-Adventure,Beat 'em up",Rare,Xbox Game Studios
Grand Theft Auto III,Third-person Action-Adventure,Rockstar Vienna,Rockstar Games
Grand Theft Auto: San Andreas,Third-person Action-Adventure,Rockstar North,Rockstar Games
Grand Theft Auto: Vice City,Third-person Action-Adventure,Rockstar Vienna,Rockstar Games
Gravity Games Bike: Street. Vert. Dirt.,Extreme Sports,Midway Games,Midway Games
The Great Escape,"Action-Adventure,Stealth",Pivotal Games,Gotham Games
Greg Hastings Tournament Paintball,First-person shooter,WXP,Activision
Greg Hastings' Tournament Paintball Max'd,First-person shooter,WXP,Activision
Grooverider: Slot Car Thunder,Racing,King of the Jungle,Encore
Group S Challenge  CIRCUS DRIVE  (JP),Racing,Capcom,Capcom
Guilty Gear Isuka[1],Fighting,Sammy,Sammy
Guilty Gear X2#Reload[2],Fighting,Sammy,Sammy
Gun,Action-Adventure,Neversoft,Activision
Gun Metal,"Shooting,Flight Simulator",Rage Software,Majesco Entertainment
GunGriffon: Allied Strike,"Simulation,Mecha",Game Arts,Tecmo
Gunvalkyrie,Third-person shooter,Smilebit,Sega
The Guy Game,Puzzle,Topheavy Studios,Gathering of Developers
Half-Life 2,First-person shooter,Valve,Valve
Halo: Combat Evolved,First-person shooter,Bungie,Xbox Game Studios
Halo 2,First-person shooter,Bungie,Xbox Game Studios
Halo 2 Multiplayer Map Pack,First-person shooter,Bungie,Xbox Game Studios
Harry Potter and the Chamber of Secrets,Third-person Action-Adventure,Eurocom,EA Games
Harry Potter and the Goblet of Fire,Third-person Action-Adventure,EA UK,Electronic Arts
Harry Potter and the Prisoner of Azkaban,Third-person Action-Adventure,EA Games,EA Games
Harry Potter and the Sorcerer's Stone  Harry Potter and the Philosopher's Stone (PAL),Third-person Action-Adventure,Warthog Games,EA Games
Harry Potter: Quidditch World Cup,"Sports,Action",EA Games,EA Games
The Haunted Mansion,Third-person Action-Adventure,High Voltage Software,TDK Mediactive
Headhunter Redemption,Action-Adventure,Amuze,Sega
Hello Kitty: Roller RescueHello Kitty: Mission Rescue (AS),"Action-Adventure,Racing",XPEC Entertainment,Namco
Heroes of the Pacific,Combat Flight Simulator,IR Gurus,"Codemasters, Ubisoft"
High Heat Major League Baseball 2004,Sports,3DO,3DO
High Rollers Casino,"Casino,Simulation",Cinemaware,Mud Duck Productions
Hitman: Blood Money,Stealth,IO Interactive,Eidos Interactive
Hitman: Contracts,Stealth,IO Interactive,Eidos Interactive
Hitman 2: Silent Assassin,Stealth,IO Interactive,Eidos Interactive
The Hobbit,"Action-Adventure,Platformer",Inevitable Entertainment,Vivendi Universal Games
Hot Wheels: Stunt Track Challenge,Racing,Climax,THQ
The House of the Dead III,Rail Shooter,Wow Entertainment,Sega
Hulk,Action,Radical Entertainment,Vivendi Universal Games
Hummer Badlands,Racing,Eutechnyx,2K Games
Hunter: The Reckoning,Hack and slash,High Voltage Software,Interplay Entertainment
Hunter: The Reckoning: Redeemer,Hack and slash,High Voltage Software,Vivendi Universal Games
The Hustle: Detroit Streets,Billiards,Blade Interactive,Activision Value
I-Ninja,Platformer,Argonaut Games,Namco
Ice Age 2: The Meltdown,Platformer,Eurocom,Vivendi Universal Games
IHRA Drag Racing 2004,Racing,Bethesda Softworks,Bethesda Softworks
IHRA Drag Racing: Sportsman Edition,Racing,Bethesda Softworks,Bethesda Softworks
IHRA Professional Drag Racing 2005,Racing,Bethesda Softworks,Bethesda Softworks
Innocent Tears,"RPG,Tactics",Global A Entertainment,Kobi
The Incredible Hulk: Ultimate Destruction,"Third-person Action-Adventure,Beat 'em up",Radical Entertainment,Vivendi Universal Games
The IncrediblesMr. Incredible (JP),Action-Adventure,Heavy Iron Studios,THQ
The Incredibles: Rise of the Underminer,Action-Adventure,Heavy Iron Studios,THQ
Indiana Jones and the Emperor's Tomb,Third-person Action-Adventure,The Collective,LucasArts
Indigo Prophecy  Fahrenheit (PAL),"Interactive Movie,Action-Adventure",Quantic Dream,Atari
IndyCar Series,Racing,Codemasters,Codemasters
IndyCar Series 2005,Racing,Codemasters,Codemasters
Inside Pitch 2003,Sports,Xbox Game Studios,Xbox Game Studios
The Italian Job,Racing,Climax Group,Eidos Interactive
Intellivision Lives!,Arcade Compilations,Realtime Associates,Crave Entertainment
International Superstar Soccer 2,Sports,KCEO,Konami
Iron Phoenix,"Action,Fighting",InterServ International,Sega
Jacked,Racing,Sproing,Empire Interactive
Jade Empire,Action RPG,BioWare,Xbox Game Studios
James Cameron's Dark Angel,Beat 'em up,Radical Entertainment,Vivendi Universal Games
Jaws Unleashed,Action-Adventure,Appaloosa Interactive,Majesco Entertainment
Jet Set Radio Future,"Action,Sports",Smilebit,SEGA
Jikkyou World Soccer 2002,Sports,Konami,Konami
Jockey's Road,Racing (Horses),Progress Software,Xbox Game Studios
Judge Dredd: Dredd Vs. Death,First-person shooter,Rebellion Developments,Evolved Games
Juiced,Racing,Juice Games,THQ
Jurassic Park: Operation Genesis,Theme Park Simulation,Blue Tongue,Vivendi Universal GamesKonami
Just Cause,"Third-person Action-Adventure,Third-person shooter",Avalanche Studios,Eidos Interactive
Justice League Heroes,Action RPG,Snowblind Studios,Eidos Interactive
Kabuki Warriors,Fighting,Bergsala Lightweight,Crave Entertainment
Kakuto Chojin,Fighting,Dream Publishing,Xbox Game Studios
Kao the Kangaroo: Round 2,"Action-Adventure,Platformer",Tate Interactive,JoWooD ProductionsAtari
Karaoke Revolution,Karaoke,Harmonix Music,Konami
Karaoke Revolution Party,Karaoke,Harmonix Music,Konami
Kelly Slater's Pro Surfer,Extreme Sports,Treyarch,Activision
Kikou Heidan J-Phoenix +,"Action,Mecha",Takara,Takara
Kill Switch,Third-person shooter,Namco,Namco
King Arthur,Action-Adventure,Krome Studios,Konami
Kingdom Under Fire: Heroes,"Hack and slash,Real-Time Tactics","Blueside, Phantagram",Xbox Game Studios
Kingdom Under Fire: The Crusaders,"Hack and slash,Real-Time Tactics",Phantagram,Xbox Game Studios
The King of Fighters 2002,Fighting,Eolith,Eolith
The King of Fighters 2003,Fighting,Eolith,Eolith
The King of Fighters Neowave,Fighting,SNK Playmore,SNK Playmore
The King of Fighters: Maximum Impact,Fighting,SNK Playmore,SNK Playmore
Knight's Apprentice: Memorick's Adventures,Action-Adventure,Microids,XS Games
Knights of the Temple: Infernal Crusade,"Action-Adventure,Hack and slash",Starbreeze Studios,TDK Mediactive
Knights of the Temple II,"Action-Adventure,Hack and slash",Cauldron,"Playlogic Entertainment, TDK Mediactive"
Knockout Kings 2002,Fighting,EA Sports,EA Sports
Kung Fu Chaos,"Fighting,Party game",Just Add Monsters,Xbox Game Studios
L.A. Rush,Racing,Midway Games,Midway Games
Land of the Dead: Road to Fiddler's Green,First-person shooter,Brainbox Games,Groove Games
Largo Winch: Empire Under Threat,Action-Adventure,Dupuis,Ubisoft
Legacy of Kain: Defiance,Third-person Action-Adventure,Crystal Dynamics,Eidos Interactive
The Legend of Spyro: A New Beginning,"Action,Platformer",Krome Studios,Vivendi Games
Legends of Wrestling,Sports,Acclaim Studios Salt Lake City,Acclaim Entertainment
Legends of Wrestling II,Sports,Acclaim Studios Salt Lake City,Acclaim Entertainment
Lego Star Wars: The Video Game,Third-person Action-Adventure,Traveller's Tales,Eidos InteractiveGiant Interactive Entertainment
Lego Star Wars II: The Original Trilogy,Third-person Action-Adventure,Traveller's Tales,LucasArts
Leisure Suit Larry: Magna Cum Laude,Adventure,High Voltage Software,Vivendi Universal Games
Lemony Snicket's A Series of Unfortunate Events,Platformer,Adrenium Games,Activision
Links 2004,Sports,Indie Built,Xbox Game Studios
LMA Manager 2003,Sports Manager,Codemasters,Codemasters
LMA Manager 2004,Sports Manager,Codemasters,Codemasters
LMA Manager 2005,Sports Manager,Codemasters,Codemasters
LMA Manager 2006,Sports Manager,Codemasters,Codemasters
Loons: The Fight for Fame,Fighting,Warthog Games,Infogrames
The Lord of the Rings: The Fellowship of the Ring,Action-Adventure,The Whole Experience,Vivendi Universal Games
The Lord of the Rings: The Return of the King,"Hack and slash,Action RPG",Hypnos Entertainment,EA Games
The Lord of the Rings: The Third Age,RPG,EA Games,EA Games
The Lord of the Rings: The Two Towers,"Hack and slash,Action RPG",Stormfront Studios,EA Games
Lotus Challenge,Racing,Kuju Entertainment,Ignition Entertainment
Mace Griffin: Bounty Hunter,First-person shooter,Warthog Games,Vivendi Universal Games
Mad Dash Racing,Racing,Crystal Dynamics,Eidos Interactive
Madagascar,Action-Adventure,Toys for Bob,Activision
Madden NFL 06,Sports,EA Tiburon,EA Sports
Madden NFL 07,Sports,EA Tiburon,EA Sports
Madden NFL 08,Sports,EA Tiburon,EA Sports
Madden NFL 09,Sports,EA Tiburon,EA Sports
Madden NFL 2002,Sports,EA Tiburon,EA Sports
Madden NFL 2003,Sports,EA Tiburon,EA Sports
Madden NFL 2004,Sports,EA Tiburon,EA Sports
Madden NFL 2005,Sports,EA Tiburon,EA Sports
Mafia: The City of Lost Heaven,Action-Adventure,Illusion Softworks,Gathering of Developers
Magatama,Action,Xbox Game Studios Japan,Xbox Game Studios
Magic the Gathering: Battlegrounds,Real-time strategy,Secret Level,Atari
Magi Death Fight: Mahou Gakuen,Action,,
Major League Baseball 2K5,Sports,Kush Games,2K Games
Major League Baseball 2K5: World Series Edition,Sports,Kush Games,2K Games
Major League Baseball 2K6,Sports,Kush Games,2K Games
Major League Baseball 2K7,Sports,Kush Games,2K Games
Malice,Platformer,Argonaut Games,Mud Duck Productions
Manchester United Manager 2005,Sports,Codemasters,Codemasters
Manhunt,"Stealth,Survival Horror",Rockstar North,Rockstar Games
Marc Ecko's Getting Up: Contents Under Pressure,"Beat 'em up,Action-Adventure",The Collective,Atari
Marvel: Ultimate Alliance,Action RPG,Raven Software,Activision
Marvel Nemesis: Rise of the Imperfects,Fighting,Nihilistic Software,EA Games
Marvel vs. Capcom 2,Fighting,Capcom,Capcom
Mashed: Drive to Survive,Racing,Supersonic Software,Empire Interactive
Mashed: Fully Loaded,Racing,Supersonic Software,Empire Interactive
Mat Hoffman's Pro BMX 2,Sports,Rainbow Studios,Activision O2
The Matrix: Path of Neo,Third-person Action-Adventure,Shiny Entertainment,Atari
Max Payne,Third-person shooter,Rockstar Vienna,Rockstar Games
Max Payne 2: The Fall of Max Payne,Third-person shooter,Rockstar Vienna,Rockstar Games
Maximum Chase,"Action,Driving,Vehicular combat",Genki,"Majesco Entertainment, Xbox Game Studios"
MechAssault,"Action,Fighting,Mecha",Day 1 Studios,Xbox Game Studios
MechAssault 2: Lone Wolf,"Action,Fighting,Mecha",Day 1 Studios,Xbox Game Studios
Medal of Honor: European Assault,First-person shooter,EA Los Angeles,EA Games
Medal of Honor: Frontline,First-person shooter,2015,EA Games
Medal of Honor: Rising Sun,First-person shooter,EA Los Angeles,EA Games
Mega Man Anniversary Collection,"Platformer,Compilation","Atomic Planet, Capcom Production Studio 2",Capcom
Melbourne Cup Challenge  Frankie Dettori Racing (EUR),Racing (Horse),Sidhe Interactive,Home Entertainment Providers
Men of Valor,First-person shooter,2015,Vivendi Universal Games
Mercenaries: Playground of Destruction,Action-Adventure,Pandemic Studios,LucasArts
Metal Arms: Glitch in the System,"Third-person shooter,Action-Adventure",Swingin' Ape Studios,Vivendi Universal Games
Metal Dungeon,RPG,Panther Software,Xicat Interactive
Metal Gear Solid 2: Substance,"Stealth,Action-Adventure",Konami,Konami
Metal Slug 3,Run and gun,SNK Playmore,SNK Playmore
Metal Slug 4,Run and gun,Mega Enterprise,SNK Playmore
Metal Slug 5,Run and gun,SNK Playmore,SNK Playmore
Metal Wolf Chaos,Third-person shooter,FromSoftware,FromSoftware
Miami Vice,"Action,Third-person shooter",Davilex Games,Davilex Games
Micro Machines,Racing,Infogrames Sheffield House,Infogrames
Midnight Club II,Racing,Rockstar San Diego,Rockstar Games
Midnight Club 3: DUB Edition,Racing,Rockstar San Diego,Rockstar Games
Midnight Club 3: DUB Edition Remix,Racing,Rockstar San Diego,Rockstar Games
Midtown Madness 3,Racing,Digital Illusions CE,Xbox Game Studios
Midway Arcade Treasures,Arcade Compilations,Digital Eclipse Software,Midway Games
Midway Arcade Treasures 2,Arcade Compilations,Digital Eclipse Software,Midway Games
Midway Arcade Treasures 3,Arcade Compilations,Midway Games,Midway Games
Mike Tyson Heavyweight Boxing,Boxing,Atomic Planet,Codemasters
Minority Report: Everybody Runs,"Action,Beat 'em up",Treyarch,Activision
Mission Impossible: Operation Surma,"Action-Adventure,Stealth",Paradigm Entertainment,Atari
MLB Slugfest 2003,Sports,Midway Games,Midway Games
MLB Slugfest 2004,Sports,Midway Games,Midway Games
MLB Slugfest 2006,Sports,Midway Games,Midway Games
MLB Slugfest: Loaded,Sports,Midway Games,Midway Games
Mojo!,Puzzle,Farsight Technologies,Crave Entertainment
Monopoly Party,Board Game,Runecraft,Infogrames
Monster 4x4: World Circuit,Racing,Ubisoft,Ubisoft
Monster Garage,Racing,Impulse Games,Activision
Mortal Kombat: Armageddon,Fighting,Midway Games,Midway Games
Mortal Kombat: Deadly Alliance,Fighting,Midway Games,Midway Games
Mortal Kombat: Deception,Fighting,Midway Games,Midway Games
Mortal Kombat: Shaolin Monks,Fighting,Midway L.A.,Midway Games
Motocross Mania 3,Racing,Deibus Studios,"2K Games, Global Star Software"
MotoGP,Racing,Climax Studios,THQ
MotoGP 2,Racing,Climax Studios,THQ
MotoGP 3,Racing,Climax Studios,THQ
MTV Music Generator 3: This is the Remix,"Non-Game, Music,Rhythm",Mixmax,Codemasters
MTX: Mototrax,Racing (Motocross),Left Field Productions,Activision
Murakumo: Renegade Mech Pursuit  Murakumo  (JP),"Rail Shooter,Mecha",FromSoftware,"FromSoftware, Ubisoft"
Muzzle Flash,Third-person shooter,Beyond Interactive,Victor Interactive Software
MVP 06: NCAA Baseball,Sports,EA Canada,EA Sports
MVP Baseball 2003,Sports,EA Sports,EA Sports
MVP Baseball 2004,Sports,EA Sports,EA Sports
MVP Baseball 2005,Sports,EA Sports,EA Sports
MX 2002,Racing,Pacific Coast Power & Light,THQ
MX Superfly,Racing,Pacific Coast Power & Light,THQ
MX Unleashed,Racing,Rainbow Studios,THQ
MX vs. ATV Unleashed,Racing,Rainbow Studios,THQ
MX World Tour Featuring Jamie Little,Sports,Impulse Games,Crave Entertainment
Myst III: Exile,Point and Click,Presto Studios,Ubisoft
Myst IV: Revelation,Point and Click,Ubisoft Montreal,Ubisoft
N.U.D.E.@ Natural Ultimate Digital Experiment,Life Simulation,RED Entertainment,Xbox Game Studios
Nakashima Tetsuya no Othello Seminar,Tabletop game,Success,Success
Namco Museum,Arcade Compilations,Mass Media Inc.,Namco
Namco Museum 50th Anniversary,Arcade Compilations,Namco,Namco
Narc,Action-Adventure,Point of View,Midway Games
NASCAR 06: Total Team Control,Racing,EA Sports,EA Sports
NASCAR 07,Racing,EA Sports,EA Sports
NASCAR 2005: Chase for the Cup,Racing,EA Tiburon,EA Sports
NASCAR Heat 2002,Racing,Monster Games,Infogrames
NASCAR Thunder 2002,Racing,EA Sports,EA Sports
NASCAR Thunder 2003,Racing,EA Sports,EA Sports
NASCAR Thunder 2004,Racing,EA Sports,EA Sports
NBA 2K2,Sports,Visual Concepts,Sega
NBA 2K3,Sports,Visual Concepts,Sega
NBA 2K6,Sports,Visual Concepts,2K Sports
NBA 2K7,Sports,"Visual Concepts, Kush Games",2K Sports
NBA Ballers,Sports,Midway Games,Midway Games
NBA Ballers: Phenom,Sports,Midway Games,Midway Games
NBA Inside Drive 2002,Sports,High Voltage Software,Xbox Game Studios
NBA Inside Drive 2003,Sports,High Voltage Software,Xbox Game Studios
NBA Inside Drive 2004,Sports,High Voltage Software,Xbox Game Studios
NBA Jam,Sports,Acclaim Studios Austin,Acclaim Entertainment
NBA Live 06,Sports,EA Canada,EA Sports
NBA Live 07,Sports,EA Sports,EA Sports
NBA Live 2002,Sports,EA Games,EA Games
NBA Live 2003,Sports,EA Canada,EA Sports
NBA Live 2004,Sports,EA Sports,EA Sports
NBA Live 2005,Sports,EA Canada,EA Sports
NBA Starting Five,Sports,Konami,Konami
NBA Street V3,Sports,EA Canada,EA Sports BIG
NBA Street Vol. 2,Sports,EA Games,EA Games
NCAA College Basketball 2K3,Sports,Kush Games,Sega
NCAA College Football 2K3,Sports,Visual Concepts,Sega
NCAA Football 06,Sports,EA Sports,EA Sports
NCAA Football 07,Sports,EA Sports,EA Sports
NCAA Football 08,Sports,EA Sports,EA Sports
NCAA Football 2003,Sports,EA Sports,EA Sports
NCAA Football 2004,Sports,EA Sports,EA Sports
NCAA Football 2005,Sports,EA Sports,EA Sports
NCAA March Madness 06,Sports,EA Sports,EA Sports
NCAA March Madness 2004,Sports,EA Sports,EA Games
NCAA March Madness 2005,Sports,EA Canada,EA Sports
Need for Speed: Carbon,Racing,EA Canada,EA Games
Need for Speed: Hot Pursuit 2,Racing,EA Seattle,EA Games
Need for Speed: Most Wanted,Racing,EA Canada,EA Games
Need for Speed: Underground,Racing,EA Games,EA Games
Need for Speed: Underground 2,Racing,EA Canada,EA Games
Neighbours from Hell,"Puzzle,Strategy",JoWooD Vienna,JoWooD Productions
New Legends,"Action-Adventure,Hack and slash",Infinite Machine,THQ
NFL 2K2,Sports,Visual Concepts,Sega
NFL 2K3,Sports,Visual Concepts,Sega
NFL Blitz 2002,Sports,"Point of View, Inc.",Midway Games
NFL Blitz 2003,Sports,"Point of View, Inc.",Midway Games
NFL Blitz Pro,Sports,Midway Games,Midway Games
NFL Fever 2002,Sports,Xbox Game Studios,Xbox Game Studios
NFL Fever 2003,Sports,Xbox Game Studios,Xbox Game Studios
NFL Fever 2004,Sports,Xbox Game Studios,Xbox Game Studios
NFL Head Coach,Sports,EA Tiburon,EA Sports
NFL Street,Sports,EA Tiburon,EA Sports BIG
NFL Street 2,Sports,EA Tiburon,EA Sports BIG
NHL 06,Sports,EA Canada,EA Sports
NHL 07,Sports,EA Sports,EA Sports
NHL 2002,Sports,EA Sports,EA Sports
NHL 2003,Sports,EA Sports,EA Sports
NHL 2004,Sports,EA Sports,EA Sports
NHL 2005,Sports,EA Sports,EA Sports
NHL 2K3,Sports,Treyarch,Sega
NHL 2K6,Sports,Kush Games,2K Sports
NHL 2K7,Sports,"Kush Games, Visual Concepts",2K Sports
NHL Hitz 20-02,Sports,Black Box Games,Midway Games
NHL Hitz 20-03,Sports,Midway Games,Midway Games
NHL Hitz Pro,Sports,Next Level Games,Midway Games
NHL Rivals 2004,Sports,Xbox Game Studios,Xbox Game Studios
Nickelodeon Party Blast,Party game,Data Design Interactive,Infogrames
NightCaster,Action-Adventure,VR-1,Xbox Game Studios
NightCaster II: Equinox,Action-Adventure,Jaleco,Jaleco
Ninja Gaiden,"Action-Adventure,Hack and slash",Team Ninja,Tecmo
Ninja Gaiden Black,"Action-Adventure,Hack and slash",Team Ninja,Xbox Game Studios
Nobunaga no Yabou: Ranseiki,"Turn-based strategy,RPG",Koei,Koei
ObsCure,Survival Horror,Hydravision Entertainment,DreamCatcher Interactive
Oddworld: Munch's Oddysee,Platformer,Oddworld Inhabitants,Infogrames
Oddworld: Stranger's Wrath,"First-person shooter,Third-person shooter,Action-Adventure",Oddworld Inhabitants,EA Games
Open Season,Action-Adventure,Ubisoft,Ubisoft
Operation Flashpoint: Elite,Tactical shooter,Bohemia Interactive,Codemasters
Otogi: Myth of Demons,Hack and slash,FromSoftware,Sega
Otogi 2: Immortal Warriors,Hack and slash,FromSoftware,Sega
Outlaw Golf,Sports,Simon & Schuster,Simon & Schuster
Outlaw Golf 2,Sports,Hypnotix,Global Star Software
Outlaw Golf: 9 More Holes of X-Mas,Sports,Hypnotix,Simon & Schuster
Outlaw Golf: Holiday Golf (9 Holes of X-Mas),Sports,Simon & Schuster,Simon & Schuster
Outlaw Tennis,Sports,Hypnotix,Global Star Software
Outlaw Volleyball,Sports,Hypnotix,Simon & Schuster
Outlaw Volleyball: Red Hot,Sports,Hypnotix,Simon & Schuster
OutRun 2,Racing,Sumo Digital,Xbox Game Studios
OutRun 2006: Coast 2 Coast,Racing,Sumo Digital,Sega
Over the Hedge,Action,Edge of Reality,Activision
Pac-Man World 2,Platformer,Namco,Namco
Pac-Man World 3,Platformer,Blitz Games,NamcoElectronic Arts
Painkiller: Hell Wars,First-person shooter,People Can Fly,DreamCatcher Interactive
Panzer Dragoon Orta,Rail Shooter,Smilebit,Sega
Panzer Elite Action: Fields of Glory,"Simulation,Vehicular combat",ZootFly,JoWooD Productions
Pariah,First-person shooter,Digital Extremes,Groove Games
Peter Jackson's King Kong,Action-Adventure,Ubisoft Montpellier,Ubisoft
Petit Copter,Simulation,Aqua Systems,Aqua Systems
Phantasy Star Online Episode I & II,Action RPG,Sonic Team,Sega
Phantom Crash,Vehicular combat,Genki,Phantagram
Phantom Dust,"Action,Real-time strategy",Xbox Game Studios,"Majesco Entertainment, Xbox Game Studios"
Pilot Down: Behind Enemy Lines,"Action-Adventure,Stealth",Wide Games,Microids
Pinball Hall of Fame,Pinball,FarSight Studios,Crave Entertainment
Pirates of the Caribbean,"Action,RPG",Akella,Bethesda Softworks
Pirates: The Legend of Black Kat,Action-Adventure,Westwood Studios,Electronic Arts
Pitfall: The Lost Expedition,"Action,Platformer",Edge of Reality,Activision
Playboy: The Mansion,Simulation,Cyberlore Studios,"Arush Entertainment, Groove Games"
Plus Plum 2,Puzzle,Tayuko,Tayuko
PocketBike Racer,Racing,Blitz Games,King Games
Pool Shark 2,Pool,Blade Interactive,Zoo Digital Publishing
Powerdrome,Racing,Argonaut Games,Mud Duck Productions
Predator: Concrete Jungle,Action,Eurocom,Vivendi Universal Games
Prince of Persia: The Sands of Time,"Third-person Action-Adventure,Platformer,Hack and slash",Ubisoft Montreal,Ubisoft
Prince of Persia: The Two Thrones,"Third-person Action-Adventure,Platformer,Hack and slash",Ubisoft Montreal,Ubisoft
Prince of Persia: Warrior Within,"Third-person Action-Adventure,Platformer,Hack and slash",Ubisoft Montreal,Ubisoft
Prisoner of War,Stealth,Wide Games,Codemasters
Pro Cast Sports Fishing  Lakemasters: Bass Fishing Game (JP),Fishing,Capcom,Capcom
Pro Fishing Challenge,Fishing,Opus Company,Atlus
Pro Race Driver,Racing,Codemasters,Codemasters
Project Gotham Racing,Racing,Bizarre Creations,Xbox Game Studios
Project Gotham Racing 2,Racing,Bizarre Creations,Xbox Game Studios
Project Snowblind,First-person shooter,Crystal Dynamics,Eidos Interactive
ProStroke Golf: World Tour 2007,Sports,Gusto Games,Oxygen Interactive
Psi-Ops: The Mindgate Conspiracy,Third-person shooter,Midway Games,Midway Games
Psychonauts,Platformer,Double Fine Productions,Majesco Entertainment
Psyvariar 2,Shoot'em up,SKONEC Entertainment,Success Corporation
Pulse Racer,Racing,Jaleco,Jaleco
Pump It Up: Exceed,"Music,Rhythm",Andamiro,Mastiff
The Punisher,"Third-person Action-Adventure,Third-person shooter,Stealth",Volition,THQ
Pure Pinball,Pinball,Iridon,XS Games
Puyo Pop: Fever,Puzzle,Sonic Team,Sega
Quantum Redshift,Racing,Curly Monsters,Xbox Game Studios
R: Racing Evolution,Racing,Namco,Namco
Rallisport Challenge,Racing,Digital Illusions CE,Xbox Game Studios
RalliSport Challenge 2,Racing,Digital Illusions CE,Xbox Game Studios
Rally Fusion: Race of Champions,Racing,Climax Studios,Activision
Rapala Pro Fishing,Fishing,Fun Labs,Activision
Ratatouille,Platformer,Asobo Studio,THQ
Rayman 3: Hoodlum Havoc,Platformer,Ubisoft,Ubisoft
Rayman Arena,"Racing,Party game",Ubisoft,Ubisoft
Raze's Hell,Third-person shooter,Artech Studios,Majesco Entertainment
Real World Golf,Sports,In2Games,Mad Katz
Red Dead Revolver,"Action-Adventure,Third-person shooter",Rockstar San Diego,Rockstar Games
Red Faction II,First-person shooter,Volition,THQ
Red Ninja: End of Honor,"Stealth,Action",Tranji Studios,Vivendi Universal Games
RedCard 20-03,Sports,Point of View,Midway Games
Reign of Fire,Action-Adventure,Kuju Entertainment,BAM! Entertainment
Rent-A-Hero No. 1,"Action,RPG",Sega,AIA Games
Reservoir Dogs,Third-person shooter,Volatile Games,Eidos Interactive
Return to Castle Wolfenstein: Tides of War,First-person shooter,Gray Matter Interactive,Activision
Richard Burns Rally,Racing,Warthog Games,SCi
RLH: Run Like Hell,Third-person shooter,Digital Mayhem,Interplay Entertainment
RoadKill,"Action,Vehicular combat",Midway Games,Midway Games
Robin Hood: Defender of the Crown,Turn-based strategy,Cinemaware,"Zoo Digital Group, Capcom"
RoboCop,First-person shooter,Titus Interactive Studio,Titus Interactive
Robot Wars: Extreme Destruction,Action,Climax Studios,Gamezlab
Robotech: Battlecry,"Shooter,Action",Vicious Cycle Software,TDK Mediactive
Robotech: Invasion,First-person shooter,Vicious Cycle Software,Global Star Software
Robots,Platformer,Eurocom,Vivendi Universal Games
Rocky,Fighting,Rage Software,Ubisoft
Rocky: Legends,Fighting,Venom Games,Ubisoft
Rogue Ops,Stealth,Bits Studios,Kemco
Rogue Trooper,Third-person shooter,Rebellion Developments,Eidos Interactive
RollerCoaster Tycoon,"Construction,Management Simulation",Frontier Developments,Infogrames
Rolling,Sports,Rage Software,Rage Software
Room Zoom,"Racing,Action",Blade Interactive,Jaleco
Rugby 06,Sports,"EA Canada, HB Studios",EA Sports
Rugby 2005,Sports,EA Canada,EA Games
Rugby Challenge 2006,Sports,Swordfish Studios,"Hip Interactive, Ubisoft"
Rugby League,Sports,Sidhe Interactive,"Home Entertainment Suppliers, Tru Blu Entertainment"
Rugby League 2,Sports,Sidhe Interactive,Home Entertainment Suppliers
Samurai Shodown V,Fighting,SNK Playmore,SNK Playmore
Samurai Warriors,Hack and slash,Omega Force,Koei
Scaler,Platformer,A2M,NA: Take-Two InteractivePAL: Global Star Software
Scarface: The World Is Yours,"Action-Adventure,Third-person shooter",Radical Entertainment,Vivendi Games
Scooby-Doo! Mystery Mayhem,Adventure,A2M,THQ
Scooby-Doo! Night of 100 Frights,Platformer,Heavy Iron Studios,THQ
Scooby-Doo! Unmasked,Platformer,A2M,THQ
American McGee Presents: Scrapland,Action-Adventure,Mercury Steam Entertainment,Enlight
SeaBlade,"Action,Shooter,Third-Person",Simon & Schuster,Simon & Schuster
SeaWorld: Shamu's Deep Sea Adventures,Action,Activision,Activision
Second Sight,"Third-person Action-Adventure,Stealth",Free Radical Design,Codemasters
Secret Weapons Over Normandy,"Flight Simulation,Action",Totally Games,LucasArts
Sega GT 2002,Racing,Wow Entertainment,Sega
Sega GT Online,Racing,Wow Entertainment,Sega
Sega Soccer Slam,Sports,Black Box Games,Sega
Sensible Soccer 2006,Sports,Kuju Entertainment,Codemasters
Sentou Yousei Yukikaze: Yousei no Mau Sora,Cel-shaded flight combat,Aquasystem,Aquasystem
Serious Sam,First-person shooter,Croteam,Gathering of Developers
Serious Sam II,First-person shooter,Croteam,2K Games
Shadow of Memories,Adventure,Konami,Konami
Shadow Ops: Red Mercury,First-person shooter,Zombie Studios,Atari
Shadow the Hedgehog,"Platformer,Action-Adventure,Third-person shooter",Sega Studio USA,Sega
Shark Tale,Action-Adventure,Edge of Reality,Activision
Shattered Union,Turn-based tactics,PopTop Software,2K Games
Shellshock: Nam '67,Third-person shooter,Guerrilla Games,Eidos Interactive
Shenmue II,"Third-person Action-Adventure,Life Simulation,Social Simulation",Sega AM2,Xbox Game Studios
Shikigami no Shiro,Shoot'em up,Alfa System,MediaQuest
Shikigami no Shiro Evolution Blue,Shoot'em up,Alfa System,MediaQuest
Shikigami no Shiro Evolution Red,Shoot'em up,Alfa System,MediaQuest
Shikigami no Shiro II,Shoot'em up,Alfa System,MediaQuest
Shinchou Mahjong (Nobunaga Mahjong),Tabletop game,Success,E-Frontier
Shin Megami Tensei: Nine,RPG,Next Entertainment,Atlus
Showdown: Legends of Wrestling,Sports,Acclaim Studios Austin,Acclaim Entertainment
Shrek,Platformer,Digital Illusions CE,TDK Mediactive
Shrek 2,"Action-Adventure,Beat 'em up,Platformer",Luxoflux,Activision
Shrek Super Party,Party game,Mass Media,TDK Mediactive
Shrek SuperSlam,Fighting,Shaba Games,Activision
Sid Meier's Pirates!,"Action-Adventure,Strategy",Firaxis Games,2K Games
Silent Hill 2,Survival Horror,Konami,Konami
Silent Hill 4: The Room,Survival Horror,Konami,Konami
Silent Scope Complete,Rail Shooter,Konami,Konami
The Simpsons: Hit & Run,"Action-Adventure,Racing",Radical Entertainment,Vivendi Universal Games
The Simpsons: Road Rage,Vehicular combat,Radical Entertainment,Electronic Arts
The Sims,Simulation,Edge of Reality,EA Games
The Sims 2,Simulation,Maxis,Electronic Arts
The Sims Bustin' Out,Simulation,Maxis,EA Games
Ski Racing 2005,Alpine Skiing,ColdWood Interactive,JoWooD Productions
Ski Racing 2006,Alpine Skiing,ColdWood Interactive,JoWooD ProductionsDeep Silver
Slam Tennis,Sports,Infogrames Sheffield House,Infogrames
Smashing Drive,Racing,Point of View,Namco
Sneak King,"Stealth,Action",Blitz Games,King Games
Sneakers,Puzzle,Media.Vision,Xbox Game Studios
Sniper Elite,"Stealth,Tactical shooter",Rebellion Developments,Namco
Soldier of Fortune II: Double Helix,First-person shooter,Gratuitous Games,Activision
Sonic Heroes,Platformer,Sonic Team,Sega
Sonic Mega Collection Plus,Compilation,Sonic Team,Sega
Sonic Riders,Racing,Sonic Team,Sega
Soul Calibur II,Fighting,Namco,Namco
Spartan: Total Warrior,"Action,Hack and slash",The Creative Assembly,Sega
Spawn: Armageddon,"Action-Adventure,Hack and slash",Point of View,Namco
Special Forces: Nemesis Strike  Counter Terrorist Special Forces: Fire for Effect (EUR),Third-person shooter,Asobo Studio,Hip Games
Speed Kings,Racing,Climax Group,Acclaim Entertainment
Sphinx and the Cursed Mummy,Action-Adventure,Eurocom,THQ
Spider-Man,Third-person Action-Adventure,Treyarch,Activision
Spider-Man 2,Third-person Action-Adventure,Treyarch,Activision
Spikeout: Battle Street,Beat 'em up,Dimps,Sega
Splashdown,Racing (Jetski),Rainbow Studios,Infogrames
Splat Magazine Renegade Paintball,First-person shooter,Cat Daddy Games,Take-Two Interactive
SpongeBob SquarePants: Battle for Bikini Bottom,"Platformer,Third-person Action-Adventure",Heavy Iron Studios,THQ
"SpongeBob SquarePants: Lights, Camera, Pants!",Party game,WayForward Technologies,THQ
The SpongeBob SquarePants Movie Game,"Platformer,Adventure",Heavy Iron Studios,THQ
Spy Hunter,Vehicular combat,Paradigm Entertainment,Midway Games
Spy Hunter 2,Vehicular combat,Angel Studios,Midway Games
Spy Hunter: Nowhere to Run,Vehicular combat,Terminal Reality,Midway Games
Spy vs. Spy,Platformer,Vicious Cycle Software,Global Star Software
Spyro: A Hero's Tail,Platformer,Eurocom,Vivendi Universal Games
SSX 3,Sports,EA Canada,EA Sports
SSX On Tour,Sports,EA Canada,EA Sports
SSX Tricky,Sports,EA Canada,EA Sports
Stacked with Daniel Negreanu,Poker,5000 ft,Myelin Media
Stake: Fortune Fighters,Fighting,Gameness Art,"Metro3D, Inc."
Star Trek: Shattered Universe,Space Combat Simulator,Starsphere,TDK
Star Wars: Jedi Knight: Jedi Academy,"Third-person shooter,First-person shooter",Vicarious Visions,LucasArts
Star Wars: Jedi Knight II: Jedi Outcast,"Third-person shooter,First-person shooter,Hack and slash",Vicarious Visions,LucasArts
Star Wars: Battlefront,"Third-person shooter,First-person shooter",Pandemic Studios,LucasArts
Star Wars: Battlefront II,"Third-person shooter,First-person shooter",Pandemic Studios,LucasArts
Star Wars: Episode III: Revenge of the Sith,Action,The Collective,LucasArts
Star Wars: Jedi Starfighter,Action,LucasArts,LucasArts
Star Wars: Knights of the Old Republic,Action RPG,BioWare,LucasArts
Star Wars: Knights of the Old Republic II: The Sith Lords,Action RPG,Obsidian Entertainment,LucasArts
Star Wars: Obi-Wan,Third-person Action-Adventure,LucasArts,LucasArts
Star Wars: Republic Commando,First-person shooter,LucasArts,LucasArts
Star Wars: Starfighter,Action,LucasArts,LucasArts
Star Wars: The Clone Wars,Action,Pandemic Studios,LucasArts
Starsky & Hutch,Vehicular combat,Mind's Eye Productions,Empire Interactive
State of Emergency,Beat 'em up,VIS Entertainment,Rockstar Games
Steel Battalion,First-person shooter,"Capcom, Nude Maker","Capcom, Xbox Game Studios"
Steel Battalion: Line of Contact,First-person shooter,"Capcom, Nude Maker",Capcom
Still Life,Adventure,Microïds,The Adventure Company
Stolen,Stealth,Blue 52,Hip Interactive
Street Fighter Anniversary Collection,Fighting,Capcom,Capcom
Street Hoops,Sports,Black Ops Entertainment,Activision
Street Racing Syndicate,Racing,Eutechnyx,Namco
Strike Force Bowling,Sports,LAB Rats Games,Crave Entertainment
Stubbs the Zombie in Rebel Without a Pulse,Action,Wideload,Aspyr
Sudeki,Action RPG,Climax,Xbox Game Studios
The Suffering,"Third-person shooter,First-person shooter,Survival Horror",Surreal Software,Midway Games
The Suffering: Ties That Bind,"Third-person shooter,First-person shooter,Survival Horror",Surreal Software,Midway Games
Super Bubble Pop,Puzzle,Zombie Studios,Jaleco
Super Monkey Ball Deluxe,Platformer,Sega,Sega
Superman Returns,Action,EA Tiburon,EA Games
Superman: The Man of Steel,Action-Adventure,Circus Freak,Infogrames
SVC Chaos: SNK vs. Capcom,Fighting,Playmore,Playmore
SWAT: Global Strike Team,Tactical shooter,Argonaut Games,Vivendi Universal Games
SX Superstar,Racing,Climax Studios,AKA Acclaim
Syberia,Adventure,Microïds,XS Games
Syberia II,Adventure,Microïds,XS Games
Taito Legends,Arcade Compilations,Taito Corporation,"Empire Interactive, Sega"
Taito Legends 2,Arcade Compilations,Taito Corporation,Empire Interactive
Tak: The Great Juju Challenge,Action-Adventure,Avalanche Software,THQ
Tak 2: The Staff of Dreams,Action-Adventure,Avalanche Software,THQ
Takahashi Akiko no Mahjong Seminar,Tabletop game,Success,Success
Tao Feng: Fist of the Lotus,Fighting,Studio Gigante,Xbox Game Studios
Taz: Wanted,Action-Adventure,Blitz Games,Infogrames
Tecmo Classic Arcade,Arcade Compilations,Tecmo,Tecmo
Teen Titans,"Action,Beat 'em up",Artificial Mind and Movement,"THQ, Majesco Entertainment"
Teenage Mutant Ninja Turtles,"Action,Beat 'em up",Konami,Konami
Teenage Mutant Ninja Turtles: Mutant Melee,Fighting,KCE Hawaii,Konami
Teenage Mutant Ninja Turtles 2: Battle Nexus,"Beat 'em up,Platformer",Konami,Konami
Teenage Mutant Ninja Turtles 3: Mutant Nightmare,Beat 'em up,Konami,Konami
Tenchu: Return from Darkness,"Third-person Action-Adventure,Stealth",K2 LLC,"Activision, FromSoftware (JP)"
Tenerezza,"Action,RPG",Aqua Plus,Aqua Plus
Tennis Masters Series 2003,Sports,Microids,Hip Games
The Terminator: Dawn of Fate,Action,Paradigm Entertainment,Infogrames
Terminator 3: Rise of the Machines,First-person shooter,Black Ops Entertainment,Atari
Terminator 3: The Redemption,Action-Adventure,Paradigm Entertainment,Atari
Test Drive,Racing,Pitbull Syndicate,Infogrames
Test Drive: Eve of Destruction,Racing,Monster Games,Atari
Test Drive Off-Road Wide Open,Racing,Angel Studios,Infogrames
Tetris Worlds,Puzzle,Radical Entertainment,THQ
Tetris Worlds (Online Edition),Puzzle,Radical Entertainment,THQ
Thief: Deadly Shadows,Stealth,Ion Storm,Eidos Interactive
The Thing,"Third-person shooter,Survival Horror",Computer Artworks,Vivendi Universal Games
Thousand Land,Strategy,FromSoftware,FromSoftware
Thrillville,"Strategy,Action,Party game",Frontier Developments,LucasArts
Tiger Woods PGA Tour 2003,Sports,EA Sports,EA Games
Tiger Woods PGA Tour 2004,Sports,EA Sports,EA Games
Tiger Woods PGA Tour 2005,Sports,EA Sports,EA Games
Tiger Woods PGA Tour 06,Sports,EA Sports,EA Games
Tiger Woods PGA Tour 07,Sports,EA Sports,EA Games
Tim Burton's The Nightmare Before Christmas: Oogie's Revenge,Action-Adventure,Capcom,Buena Vista GamesCapcom (EU)
TimeSplitters 2,First-person shooter,Free Radical,Eidos Interactive
TimeSplitters: Future Perfect,First-person shooter,Free Radical,EA Games
TOCA Race Driver 2: The Ultimate Racing Simulator,Racing,Codemasters,Codemasters
TOCA Race Driver 3,Racing,Codemasters,Codemasters
ToeJam & Earl III: Mission to Earth,"Action-Adventure,Platformer",ToeJam & Earl Productions,Sega
Tom and Jerry in War of the Whiskers,Fighting,VIS Entertainment,NewKidCo
Tom Clancy's Ghost Recon,Tactical shooter,Red Storm Entertainment,Ubisoft
Tom Clancy's Ghost Recon 2,Tactical shooter,Red Storm Entertainment,Ubisoft
Tom Clancy's Ghost Recon 2: Summit Strike,Tactical shooter,Red Storm Entertainment,Ubisoft
Tom Clancy's Ghost Recon: Advanced Warfighter,Tactical shooter,Ubisoft,Ubisoft
Tom Clancy's Ghost Recon: Island Thunder,Tactical shooter,Red Storm Entertainment,Ubisoft
Tom Clancy's Rainbow Six 3,Tactical shooter,Ubisoft,Ubisoft
Tom Clancy's Rainbow Six 3: Black Arrow,Tactical shooter,Ubisoft,Ubisoft
Tom Clancy's Rainbow Six: Critical Hour,Tactical shooter,"Ubisoft Quebec, Red Storm Entertainment",Ubisoft
Tom Clancy's Rainbow Six: Lockdown,Tactical shooter,Red Storm Entertainment,Ubisoft
Tom Clancy's Splinter Cell,Stealth,Ubisoft Montreal,Ubisoft
Tom Clancy's Splinter Cell: Chaos Theory,Stealth,"Ubisoft Montreal, Ubisoft Annecy",Ubisoft
Tom Clancy's Splinter Cell: Double Agent,Stealth,Ubisoft,Ubisoft
Tom Clancy's Splinter Cell: Pandora Tomorrow,Stealth,Ubisoft,Ubisoft
Tomb Raider: Legend,Third-person Action-Adventure,Crystal Dynamics,Eidos Interactive
Tony Hawk's American Wasteland,Sports,Neversoft,Activision
Tony Hawk's Pro Skater 2x,Sports,Neversoft,Activision
Tony Hawk's Pro Skater 3,Sports,Neversoft,Activision
Tony Hawk's Pro Skater 4,Sports,Neversoft,Activision
Tony Hawk's Project 8,Sports,Shaba Games,Activision
Tony Hawk's Underground,Sports,Neversoft,Activision
Tony Hawk's Underground 2,Sports,Neversoft,Activision
Top Gear RPM Tuning  RPM Tuning (EUR),Racing,Babylon Software,MC2 France
Top Spin Tennis,Sports,PAM Development,Xbox Game Studios
Torino 2006,Sports,49 Games,2K Games
Tork: Prehistoric Punk,Platformer,Tiwak,Ubisoft
Total Club Manager 2004,Sports Manager,EA Canada,EA Sports
Total Club Manager 2005,Sports Manager,EA Canada,EA Sports
Total Immersion Racing,Racing,Razorworks,Empire Interactive
Total Overdose: A Gunslinger's Tale in Mexico,Third-person shooter,Deadline Games,Eidos Interactive
Totaled!,"Racing,Vehicular combat",Rage Software,Majesco Entertainment
Touge R,Racing,"Cave, Nextech",Atlus
Tour de France,Sports (Cycling),Konami,Konami
Toxic Grind,Extreme Sports,Blue Shift,THQ
TransWorld Snowboarding,Sports,Housemarque,Infogrames
TransWorld Surf,Sports,Angel Studios,Infogrames
Triangle Again,Visual novel,"Kiki Co., Production I.G.",Kiki Co.
Triangle Again 2,Visual novel,Kiki Co.,Kiki Co.
Trigger Man,Third-person shooter,Point of View,Crave Entertainment
Triple Play 2002,"Sports,Baseball",Pandemic Studios,EA Games
Trivial Pursuit Unhinged,Board Game,Artech Studios,Atari
Tron 2.0 Killer App,First-person shooter,Climax Group,Buena Vista Interactive
True Crime: New York City,"Action-Adventure,Third-person shooter",Luxoflux,Activision
True Crime: Streets of LA,"Action-Adventure,Third-person shooter",Luxoflux,Activision
Turok: Evolution,First-person shooter,Acclaim Studios Austin,Acclaim Entertainment
Ty the Tasmanian Tiger,Platformer,Krome Studios,EA Games
Ty the Tasmanian Tiger 2: Bush Rescue,Platformer,Krome Studios,EA Games
Ty the Tasmanian Tiger 3: Night of the Quinkan,Platformer,Krome Studios,Activision Value
UEFA Champions League 2004-2005,Sports,EA Games,EA Games
UEFA Euro 2004,Sports,EA Canada,EA Games
UFC: Tapout,Fighting,DreamFactory,Crave Entertainment
UFC: Tapout 2,Fighting,DreamFactory,TDK Mediactive
Ultimate Beach Soccer,Sports,PAM Development,Wanadoo EditionDreamCatcher Interactive
Ultimate Pro Pinball,Pinball,Atomic Planet Entertainment,Empire Interactive
Ultimate Spider-Man,Action-Adventure,Treyarch,Activision
Ultra Bust-a-Move  Ultra Puzzle Bobble (JP),Puzzle,Taito Corporation,Majesco Entertainment
Umezawa Yukari no Igo Seminar,Tabletop game,Success,Success
Unreal Championship,First-person shooter,Digital Extremes,Infogrames
Unreal Championship 2: The Liandri Conflict,First-person shooter,Epic Games,Midway Games
Unreal II: The Awakening,First-person shooter,Tantalus Interactive,Atari
Urban Chaos: Riot Response,First-person shooter,Rocksteady Studios,Eidos Interactive
The Urbz: Sims in the City,Simulation,Maxis,EA Games
V-Rally 3,Racing,Eden Studios,Infogrames
Van Helsing,Third-person shooter,Saffire,Vivendi Universal Games
Vexx,Platformer,Acclaim Studios Austin,Acclaim Entertainment
Vietcong: Purple Haze,Tactical shooter,Coyote,Gathering
Virtual Pool: Tournament Edition,Pool,Celeris,Global Star Software
Volvo: Drive For Life,Racing,Climax Group,Xbox Game Studios
Voodoo Vince,Platformer,Beep Industries,Xbox Game Studios
Wakeboarding Unleashed,"Sports,Wakeboarding",Shaba Games,Activision
Wallace & Gromit in Project Zoo,Platformer,Frontier Developments,BAM! Entertainment
Wallace & Gromit: The Curse of the Were-Rabbit,Platformer,Frontier Developments,Konami
Warpath,First-person shooter,Digital Extremes,Groove Games
The Warriors,"Action-Adventure,Beat 'em up",Rockstar Toronto,Rockstar Games
Whacked!,Party game,Presto Studios,Xbox Game Studios
Whiplash,"Platformer,Action-Adventure",Crystal Dynamics,Eidos Interactive
Whiteout,Racing,Konami,Konami
The Wild Rings,Fighting,Xbox Game Studios,Xbox Game Studios
WinBack 2: Project Poseidon,Third-person shooter,Cavia Inc.,Koei
Wings of War,Combat Flight Simulator,Silver Wish Games,Gathering
Without Warning,Third-person shooter,CiRCLE,Capcom
World Championship Poker,"Card Game,Poker",Crave Entertainment,Crave Entertainment
World Championship Poker 2: Featuring Howard Lederer,"Card Game,Poker",Crave Entertainment,Crave Entertainment
World Championship Pool 2004,Pool,Blade Interactive,Jaleco Entertainment
World Championship Rugby,Sports,Swordfish Studios,Acclaim Entertainment
World Championship Snooker 2003,Sports,Blade Interactive,Codemasters
World Championship Snooker 2004,Sports,Blade Interactive,Codemasters
World Poker Tour,Poker,Coresoft,2K Sports
World Racing,Racing,Synetic,TDK Mediactive
World Racing 2,Racing,Synetic,Evolved Games
World Series Baseball 2K2,Sports,Blueshift,Sega
World Series Baseball 2K3,Sports,Blueshift,Sega
World Series of Poker,Poker,Activision Value,Activision Value
World Snooker Championship 2005,Sports,Blade Interactive,Sega
World Soccer Winning Eleven 8 International  Pro Evolution Soccer 4 (PAL)  Winning Eleven 8 (JP),Sports,KCET,Konami
World Soccer Winning Eleven 9  Pro Evolution Soccer 5 (PAL)  Winning Eleven 9 (JP),Sports,KCET,Konami
World War II Combat: Iwo Jima,First-person shooter,Direct Action,Groove Games
World War II Combat: Road to Berlin,First-person shooter,Direct Action,Groove Games
Worms 3D,Tactical Artillery,Team17,Sega
Worms 4: Mayhem,Tactical Artillery,Team17,Codemasters & Majesco Entertainment
Worms Forts: Under Siege,Tactical Artillery,Team17,Sega
Wrath Unleashed,Strategy,The Collective,LucasArts
Wreckless: The Yakuza Missions  Double-S.T.E.A.L. (JP),Racing,Bunkasha Publishing,Activision
WTA Tour Tennis,Sports,Konami,Konami
WWE Raw 2,Sports,Anchor,THQ
WWE WrestleMania 21,Sports,Studio Gigante,THQ
WWF RAW,Sports,Anchor,THQ
X-Men Legends,Action RPG,Raven Software,Activision
X-Men Legends II: Rise of Apocalypse,Action RPG,Raven Software,Activision
X-Men: Next Dimension,Fighting,Paradox Development,Activision
X-Men: The Official Game,"Action,Beat 'em up",Z-Axis,Activision
X2: Wolverine's Revenge,"Action,Beat 'em up",GenePool Software,Activision
XGRA: Extreme-G Racing Association,Racing,Acclaim Studios Cheltenham,Acclaim Entertainment
Xiaolin Showdown,"Beat 'em up,Fighting",BottleRocket,Konami
XIII,First-person shooter,Ubisoft,Ubisoft
Xyanide,Shoot'em up,Playlogic,Playlogic
Yager,Combat Flight Simulator,Yager Development,Kemco
Yetisports Arctic Adventures,Party game,Pirate Games,JoWooD Productions
Yonenaga Kunio no Shougi Seminar,Tabletop game,Success,Success
Yourself!Fitness,Fitness,Respondesign,Respondesign
Yu-Gi-Oh! The Dawn of Destiny,Card Battle,KCEJ,Konami
Zapper: One Wicked Cricket,Platformer,Blitz Games,Infogrames
Zathura,Action-Adventure,High Voltage Software,2K Games
ZillerNet,Karaoke,"Studio9, Taijin Media",Xbox Game Studios
